{"isStage":false,"name":"winxptab","variables":{},"lists":{},"broadcasts":{},"blocks":{"5Tv!zgh2eW(zDdZEy3J8":{"opcode":"event_whenflagclicked","next":"f_pXN=5ML|5#x=1`4TOH","parent":null,"inputs":{},"fields":{},"shadow":false,"topLevel":true,"x":254,"y":142},"qKuxlt#zeCsVCo)EM)KS":{"opcode":"control_forever","next":null,"parent":"_^w)qg#eslF(.IJO!:+s","inputs":{"SUBSTACK":[2,"+oq,I;ADRHd:5?C+%HtX"]},"fields":{},"shadow":false,"topLevel":false},"+oq,I;ADRHd:5?C+%HtX":{"opcode":"sound_playuntildone","next":null,"parent":"qKuxlt#zeCsVCo)EM)KS","inputs":{"SOUND_MENU":[1,"Gm1P$ZV-ZHS}_bShJVK|"]},"fields":{},"shadow":false,"topLevel":false},"Gm1P$ZV-ZHS}_bShJVK|":{"opcode":"sound_sounds_menu","next":null,"parent":"+oq,I;ADRHd:5?C+%HtX","inputs":{},"fields":{"SOUND_MENU":["Dance Around",null]},"shadow":true,"topLevel":false},"4-$O0X)Q(l}?tz;pKC*E":{"opcode":"event_whenkeypressed","next":"zdT+5J}7Q$xh-3uh]K9e","parent":null,"inputs":{},"fields":{"KEY_OPTION":["x",null]},"shadow":false,"topLevel":true,"x":308,"y":520},"zdT+5J}7Q$xh-3uh]K9e":{"opcode":"control_stop","next":null,"parent":"4-$O0X)Q(l}?tz;pKC*E","inputs":{},"fields":{"STOP_OPTION":["all",null]},"shadow":false,"topLevel":false,"mutation":{"tagName":"mutation","children":[],"hasnext":"false"}},"f_pXN=5ML|5#x=1`4TOH":{"opcode":"motion_gotoxy","next":"8%!;YKY!:]4~i|M(8sDc","parent":"5Tv!zgh2eW(zDdZEy3J8","inputs":{"X":[1,[4,"-5"]],"Y":[1,[4,"-146"]]},"fields":{},"shadow":false,"topLevel":false},"8%!;YKY!:]4~i|M(8sDc":{"opcode":"looks_sayforsecs","next":null,"parent":"f_pXN=5ML|5#x=1`4TOH","inputs":{"MESSAGE":[1,[10,"Welcome to Microsoft Windows XP Simple Edition!"]],"SECS":[1,[4,"2"]]},"fields":{},"shadow":false,"topLevel":false},"_^w)qg#eslF(.IJO!:+s":{"opcode":"event_whenflagclicked","next":"qKuxlt#zeCsVCo)EM)KS","parent":null,"inputs":{},"fields":{},"shadow":false,"topLevel":true,"x":302,"y":331}},"comments":{},"currentCostume":0,"costumes":[{"assetId":"d334cc6c947ec427a666dfaec010690b","name":"winxptab","bitmapResolution":1,"md5ext":"d334cc6c947ec427a666dfaec010690b.svg","dataFormat":"svg","rotationCenterX":223.5945587158203,"rotationCenterY":31.552135467529297}],"sounds":[{"assetId":"8bcea76415eaf98ec1cbc3825845b934","name":"Dance Around","dataFormat":"wav","format":"adpcm","rate":22050,"sampleCount":343409,"md5ext":"8bcea76415eaf98ec1cbc3825845b934.wav"}],"volume":100,"visible":true,"x":-5,"y":-146,"size":100,"direction":90,"draggable":false,"rotationStyle":"all around"}